feature,importance
female_labor_participation,0.1631631584540263
education_secondary_enrollment,0.1415910750822091
labor_participation,0.13929630069561708
gdp_pc,0.13213315603975476
trade_openness,0.11383593500605745
urbanization,0.10063199692557642
population,0.09959765509007446
tax_revenue,0.07569350728803405
year,0.02466606202118086
gdp_growth,0.009391153397469596
